PROFILE STATISTICS
""
Profile Name:,buttsMD
Export Date:,2025-11-30 18:50:42
Total Mods:,1
Enabled Mods:,1
Disabled Mods:,0
Unique Authors:,1
""
TOP AUTHORS (by mod count)
denikson,1 mods
""
NEWEST MODS (by version)
Mod Name,Author,Version
BepInExPack_Valheim,denikson,5.4.2333
""
OLDEST MODS (by version)
Mod Name,Author,Version
BepInExPack_Valheim,denikson,5.4.2333
""
""
COMPLETE MOD LIST
""
Author,Mod Name,Version,Enabled,Description,Website
denikson,BepInExPack_Valheim,5.4.2333,Yes,BepInEx pack for Valheim. Preconfigured with the correct entry point for mods and preferred defaults for the community.,https://thunderstore.io/c/valheim/p/denikson/BepInExPack_Valheim/
